[deleted],"1071, 1073",,
{squiggle},"486, 885,  ",??? ????-,
"Adamson, Charles","559, 971",,
"Adamsson, Y S","1030, 1051, 1070, 1077, 1078, 1079, 1080, 1237, 1268, ",,
aean,"472, ",,
akesi_ante_kule,"1142,1143, 1145",,
algorism,3,,
"Alvarado, Eduardo","1015, ",,
Ames,"20, ",,
Anaya,"813, 814, ",,
"Andree, Devan","49, 564",,
Andrxej5335,1174,,
anonymous,"502, 1056, 1096, 1104, 1115, 1120, 1121, 1135, 1136,1141, 1142, 1158, 1164,1171, 1178, 1191, 1218,1228  ",,
ante,"180, 500, 1096,  ",,
ariodante(ITA),"1232, 1244",,
arono,"1159, 1174, 1188, , ",,
astronavigator,"1087, ",,
ato.wiki,450,,
autonuke,"1183, ",,
"Baldwin, Joshua","1244, ",,
balsong,"516, 862, 1030, 1040, 1041, 1051, 1070, 1245",,
bara,"1164, ",,
"Baruj, Michelle Susi Kuld","937, ",,
"Baumruk, Spencer",991,,
"Bayaz, Bugra","173, ",,
Becan,"794, 971",,
"Belanyek, Agneau","50, 102, 565, 770",,
"Bell, Niko","93, 140, 226, 240, 347, 352, 377, 479, 484, 545k, 662, 719, 831, 954, 956, 1107, 1109, 1115, 1228",,
Birns-Sprague,"5b, 16, 23, 28, 38, 59, 61, 65, 69, 70, 79, 111, 124, 152, 166, 167, 193, 194, 204, 219, 220, 221, 231, 236, 238, 239, 249, 256, 275, 276, 277a, 283, 294, 311,338, 339, 349, 355, 358, 361, 372, 374, 379, 380, 388, 403, 412, 457, 459, 460, 467, 485, 486, 487, 553, 564, 565, 569, 582,  586, 652, 655, 678, 679, 683, 689, 691, 720, 725, 734, 742, 769, 824, 834, 841, 845i, 850, 857, 864, 866, 874, 881, 887, 888, 893, 896,898, 902, 903, 907, 913, 916, 971, 973",,
blacke chan,507,,
blahma,"1174, 1176, 1177 ",,
boets,"1097, ",,
"Bonviro, Sino Mejo","735, ",,
"Bradley, Melissa",812,,
"Brindle, Jack","715, 749, 869",,
"Brough, Adam",784,,
"Brown, chase","329, 343a, 373, 422,",,
"Brown, Sarah","26, 27, 71, 75, 102, 111, 126, 127,157, 191, 199, 209, 213, 217, 225, 236, 249, 270, 271, 275, 294, 296, 299,  303, 316, 337,  353, 358, 371, 380, 382, 403, 412, 579, 582, 586, 610, 655, 690, 715, 718, 834, 836, 837, 845i, 851, 854, 856, 859, 863, 868, 868, 869, 873, 1316",,
"Calanza Bell, Kevin Scott, Kateri",495,,
"Calev, Kobi Kai","579, 608,609, 861 ",,
Campbell,"23, 43, 68, 100, 111, 125, 128, 167, 192, 214, 223, 225, 227, 231, 241, 275, 282, 290. 306, 338, 339, 343a, 355, 395, 405a, 545, 546, 553, 554, 559, 561, 564, 566, 569, 570, 572, 575, 579, 585, 589, 644, 656, 657, 663, 673, 676, 678, 682, 684, 686, 690, 705, 720, 744, 827, 831, 842, 843, 850, 854, 870, 871, 879, 883, 887, 889, 892, 896, 905, 912, 923, 927, 937, 947, 950, 954, 987, 1042, 1258, 1266, 1298, 1316",,
Carabajales,1003,,
"Carlson, Bryce Leland","182, ",,
Carrasco,"213, ",,
"Casas, Bryan",,,
"Castelbou, Sebastian","582, 818, 845i",,
"Chaves, Hector","290, 377, ",,
christ627,519,,
"Chs, Louis","96, 552, 631, 702,1001, ",,
Clifford,"5, 5b, 9, 13, 16, 21, 35, 36, 38, 43, 46, 56, 62, 81, 92, 95, 96, 98, 99, 100, 109, 111, 113, 125, 126, 131, 133, 135, 137, 149, 150, 151, 152, 159, 163, 169, 171, 174,175, 177, 180, 181, 208, 218, 219, 221, 226, 230, 234, 237, 238, 240, 245c, 248, 250, 255,  264, 277a, 278a, 280, 284, 292, 293, 296, 301, 309, 314, 326, 327, 329,  343, 343a, 347, 352, 354,  361, 372, 388, 434, 442, 452, 453, 454, 462, 465, 468, 472a, 481, 482, 484,499, 500, 511, 522, 526, 531, 534, 539, 542, 543, 545, 546, 551, 552, 553, 555, 556, 559, 560, 561, 563, 565, 568, 569, 570, 571, 572, 573, 574, 575, 579, 580, 582, 593, 598, 606, 609, 610, 613, 615, 616, 618, 619, 621, 631, 638, 641, 643, 650, 652, 659, 661, 663, 673, 676, 678, 679, 680, 681, 682, 683, 686, 697, 698, 700, 705, 706, 708, 709, 710, 713, 714, 715, 717, 734, 735, 738, 742, 749, 758, 767, 770,  772, 773,790,  791, 794, 796, 797, 801,  804, 808. 809, 810, 811, 813, 814, 815, 817, 819, 821, 828, 835, 843, 845g, 845h, 845i,  845k, 851, 854, 857,  858, 859, 861, 865, 866, 868, 869, 870, 872, 874, 881, 882, 887, 888, 889, 892, 893, 896, 897, 900, 902, 907, 908, 911, 912, 913, 914, 915, 916, 918, 919, 920, 924, 925, 932, 935, 937, 940, 943, 944, 945, 948, 950, 951, 952, 954, 956, 957, 961, 967, 971, 980, 984, 987, 988, 989, 991, 994, 998, 1000, 1004, 1005, 1007, 1009, 1012, 1013, 1017, 1019, 1021, 1022, 1023, 1024, 1027, 1033, 1038,1039, 1047, 1062, 1096, 1183, 1184, 1192, 1195,  1197, 1198, 1230, 1249, 1251, 1253, 1259, 1285, 1288, 1297, 1298, 1299, 1300, 1302, 1304,1311, 1312, 1322,",,
"Coffey, Nathan","1062, ",,
conlinguist linguistics,"249, 256",,
contrum," 468, 1245",,
"cools, Brian"," 193, 380, 673, 686, 971",,
"Crespin, Matteo","1000, ",,
"Crom, James","278, ",,
"Cruz, Gabriel, edilberto",1042,,
cxielamiko,"101, 114,1118, 1126, 1144, 1148, 1149, 1166, 1228 ",,
daraffa,823,,
Darfeld,"478, ",,
"Davies, Bob","876, ",,
"del Rio, Juan Garcia","102, ",,
"Destree, Jean-Luc","796, ",,
Deuston,520,,
"deVilliers, Gilles","570, 682, 887",,
"Dias, Shylton",1042,,
"DiMercurio, Dominick II","23, 26, 27, 33, 43, 93, 100, 105, 111, 149, 163, 232, 250, 265, 275, 276, 283, 284, 294, 296, 308, 326, 327, 347, 352, 369, 372, 377, 396, 405, 453, 469, 470, 569, 603, 626, 644, 648, 655, 690, 668, 674, 678, 705, 721, 743, 770, 814, 835, 865, 888, 898, 937, 954, 963",,
Doggaz,"60, 458, ",,
dommitor,"89, 91",,
dresdom,"1066, ",,
"Dupelev, Vladimir",734,,
Eads Andrew,"49, 123, 129, 167, 215, 219, 236, 249, 269, 275, 294, 371, 379, 383, 720, 802",,
Ejewa,485,,
"Elbo, Max","1243, ",,
Elliott,"5b, 19, 33, 41, 44, 65, 71, 74, 88, 91, 110, 113, 119, 129, 136, 157, 161, 174, 175, 176, 178, 180, 181, 182, 202, 209, 327, 472, 507, 518, 521, 527, 547, 556, 568,  573,  579, 601, 608, 609, 613, 618, 621, 623, 657, 679, 681, 690, 706, 710, 734, 744, 745, 770, 772, 774, 787, 793,  843, 846, 852, 867, 874, 881, 887, 892, 893, 913, 917, 921, 925, 928, 932, 933, 940, 958, 967, 971, 991, 996, 997, 1042, 1047, 1065, 1073, 1075, 1079, 1201, 1298, 1316 ",,
"Engelhardt, Gary Joseph","35, 88, 94, 100, 107, 124, 126, 134, 169, 553, 560, 561, 569, 571, 590, 655, 715, 725, 747, 845h, 846, 857, 858, 870, 887, 888, 898, 940, 957",,
"Erixon, Gabriel","524, 728, 811, 812",,
"Esperanto, Genhul",534,,
fearofthemonster,507,,
"Federova, Anna",608,,
firstname second name,1244,,
"Flear, James","20, 43, 44, 46, 47, 324,372, 377, 642, 666, 669, 1204, 1261 ",,
"Fridman, Michael","1102, 1103, 1108, 1117, 1121, 1124,1139, 1141, 1142, 1146,1151, 1228  ",,
fritzvd,"527, ",,
"Fuentes, Francisco","472,  474, 516, 862, 877, 919",,
fusiongyro,"1127, ",,
"Futrelle, Joe","536, 539, 700 ",,
Ganachaud,"16, 19, 21, 23, 32, 33, 34, 35, 37, 40, 44, 55, 63, 73, 75, 81, 95, 101, 111, 114, 117, 124, 131, 137, 149, 152, 164, 191, 192, 200, 208, 213, 215, 223, 226, 231, 234, 235, 237, 241, 244, 245, 245c,  247, 255, 256,257, 258, 259, 260, 261, 262, 269, 270, 271, 275, 276, 280, 287, 290, 292, 294, 302,329, 331, 337,  338, 347, 351, 357, 359, 470, 499, 503, 547, 551, 552, 553, 554, 556, 557, 560, 561, 562, 564, 565, 582, 585, 586, 604, 605, 624, 629, 638, 639, 652, 655, 657, 661, 689, 690, 693, 704, 713,  718, 724, 744, 756, 757, 769, 770, 771, 772, 826, 829, 830, 831, 833, 834, 836, 837,841, 842,  843, 844, 845i, 870, 877, 881, 886, 897, 906, 907, 912, 913, 917, 918, 919, 921, 923, 924, 925, 927, 928, 929, 932, 934, 936, 939, 944, 966, 968, 1019,  1084, 1093, 1095, 1097, 1098, 1102, 1105, 1110, 1111, 1115, 1116, 1118, 1124, 1126, 1127, 1128, 1129, 1135, 1133, 1134, 1136, 1137, 1138, 1140, 1145, 1147, 1149, 1151, 1152, 1153, 1156, 1159, 1163, 1191, 1192, 1199, 1220, 1223,  1225, 1228, 1229, 1230, 1302, ",,
"Gardian, Uriel", ,,
glottal-stop,"91,1070, ",,
"Gorza, Zoltan","26, 28, 29, 36, 73, 102, 123, 135, 247, 262, 266, 487, 523, 589, 652, 656, 706, 709, 835, 870, 875, 921, 937, 943, 964, 971, 1027 ",,
goulo,"1140, 1162",,
"Guimaraes, Matheus","682, 761, ",,
"Gusova, Masha",1197,,
gustaf_mc,1180,,
"Hale, Serin","673, 686, ",,
Hansberry," 71, 79, 95, 113, 157, 229, 235, 236, 244, 256, 358, 361, 380, 561, 565, 579, 586, 613, 624, 641, 652, 676, 678, 679, 683, 690, 704, 705, 706, 709, 711, 716, 719, 757, 808, 809, 836, 843, 846,  850, 872, 887, 893,  894, 900, 925, 949, 952, 956, 970, 971, 1022, 1024, 1062, 1201",,
"Harness, John","74, 201, 675 ",,
"Hashimoto, Josito",812,,
Hess,"725, 920, 996, 1007",,
Hickerson,"927, ",,
"Howlett, Chris","167, 542 ",,
"Hughes, Dylan",222,,
"Hyett, James","5, 705, 912, 954,1266, ",,
impgristle," 65, 143,155, 518, 519, 527, 529,",,
j^ames^,804,,
jan-ante,"171,176, ",,
Jan-David,"640, 1238",,
janmate,"1167,1088,1089, ",,
"Janseger, Pieter","801, ",,
jojo,"464, 479",,
josan,"176, 1164",,
Julius,171,,
kala,"61, 62, 451, 456, 598",,
Kama,329,,
Kamarod,"1164, 1168, 1178",,
kawa,"485, 486, 487, ",,
ke,"29, 1172, 1182, 1184",,
"Keita, Soundjat","707, 810",,
"Keller, Evert","5b, ",,
Khomiakov,"1038, 1197",,
"Khusanova, Elena","4, 624, ",,
"Kiefte, Joop","240, 812, 813, 820,821, 901, 921, 1055, 1184,1251",,
Kieu Duyen,"102, ",,
kile,450,,
"Kim, Phrank","102, 543, 608, 845k, 896, 934, 939, 958",,
"Kirkpatrick, Shawn",582,,
kise,450,,
kisi,"486,487, ",,
"Knight, Bryan J.","12, 512, 1039, 1047,1055, 1251",,
koala,"804, ",,
koli,"485, 486",,
"Korti, Veej",345,,
"Kote, Rwt","422, ",,
"Kotwica, Misha","193, 831, 885, 971",,
"Kotwica, Wojciech","8, 182, 193, 229, 301, 511, 672, 894,1059, ",,
"Kramer, Nicole","28, 167, 231, 291, 301, 589, 666, 690, 834, 826, ",,
"Kraticevic, Ivan","471, 744",,
kuti,"804, 1235, ",,
kwiatowa,"485, 486, 487, ",,
la-taun,"65, 518, 520, 521, 1030, 1031",,
"Lair, Gretchin","673, ",,
"Lang, Sonja"," 534, 869, 978, 1111, 1124, 1156, 1171, 1197 ,  ",,
lasukan,"461, 463, ",,
Le Hoang Kim Duong,"608, 609, 879, ",,Lê Hoàng Kim D??ng
learn useless tp,"990, ",,
"LeClerq, Jeann-Marie","269, 286, 320, ",,
"Liehappo, Dennis","171, 174",,
Littel Hrafn,"100, 562, 566, 770, 897, 900, 919, ",,
"Lohfink, Adrien","971, ",,
"Lolli, Matheus","1043, not here",,
Lomeo,"1176, 1178, 1182, 1186, 1187, 1188 ",,
"Lotkriid, Nindovith","919, ",,
"Lutee, Seni",485,,
lxfury,171,,
"Lytle, Steven","115, ",,
maikau,"450, 1155",,
male,"1177, ",,
Maliku,"485, ",,
"Manrique, Marco","935, 1042 ",,
"Maow, Ponojo","74,744, 919, ",,
"marcovic 2, Vuk",507,,
"Martin, Matthew","34, 92, 130, 228, 505,525, 804, 816, 841, 980, 1230, 1235",,
"Martinez, Juan del Castillo","262, 273, 534, 697",,
mausi,"1159, ",,
megafanat,"491, ",,
"Michael, Elise","673, 686, ",,
mile,683,,
"miles, ","673, 686, ",,
"Miles, Marcus","28, 608, 847, 864, 869,  929,946 ",,
"Miller, rd","1130, 1131, 1162, 1167, 1216",,
Milo,"645, ",,
"Mims, Anthony","15, 866, 869",,
"Mittelstadt,  Piotr","24, 30, 69, 70, 81, 100, 111, 115, 136, 140, 150, 158, 169, 173, 174, 176, 181, 208, 215, 240, 260, 266, 326, 327, 546, 559, 564, 565, 566, 571, 572, 573, 624, 673, 678, 679, 683, 709, 715, 742, 770, 773, 835, 845h, 871, 882, 886, 893, 897,907, 911, 912, 928, 939, 943, 966, 967, 980, 1291, 1306",,
"Molchanonv, Aleksej","1042, 1261, ",,
"Moniz, Ryan","235, 241, 250, 270, 296, 383",,
"Moon, Hutton","256, ",,
"Morante, Kiah","296, 297, 380, 450",,
"Moreira, Antonio Lucasa Araujo","34, 127, 151, 361, 377, 379, 387, 397, 406, 412, 415, 585, 590, 598, 638, 657, 691, 710, 757, 842, 844, 1035, 1251, ",,
"Morell-Fourier, Kevin","276,608, 734, 859 ",,
"Morelli, Gilberto Caracciolo","150, 173, 175, 177, 178, 182, 221, 701, 919",,
"Moreno, Said","51,  ",,
"Morganroth, Severin Yasmine","279, 900",,
Muniz,293,,
Murr,971,,
Musial,"19, 215, 218, 329, 389, 422, 697, 768, 850, 894, 983, 985, 988,1003, 1033, 1039, 1042, 1047,1266  ",,
"musil, ","921, ",,
mybodymycoffin,"1150, ",,
myopenid,1105,,
nakwneit,"1070, ",,
Nankazz,110,,
narfee,"1154, ",,
"Navarrete, Carlos","536, ",,
ne,1105,,
neerett,1135,,
negative clock,"1156, 1157, 1165, 1167, 1168, 1179, 1186, 1219",,
"Nichols, John","173, ",,
Nothing I am,"281, ",,
"Nousen, Andy","182, 1288",,
nowa,"442, 445, 446, 472, , 474, 475, 476,478, 481",,
"O'Sullivan, Michael","845k,  ",,
oli,174,,
"Oostelbos, Vincent","1070, 1244",,
openusername,"78, 1067",,
"Ordare, Ruth","319, 344, 598, 727, ",,
"Ordsson, Aoke",1042,,
organ,"347, 357",,
ote,"176, ",,
oy m9,"60, ",,
oyd11,"156,1101, 1112",,
ozefroze," 750,1102, 1106, 1107, 1109, 1118, 1123, 1126, 1130, 1133, 1134, 1135,1136, 1145,  122, 1223",,
p2peditor,"1067, ",,
peka,"446, 472, 474, ",,
"Pelletier, Francis","11, 958, ",,
pendelschwanz,1187,,
Pendragonne,"728, ",,
"Perez, Andres Briganti","971, ",,
Peridot,"222, 235",,
"Phillips, Naomi","130, 545, 553, ",,
phrenk,"1091, ",,
Pikan,"485, ",,
"Pikero, Francisko","919, 932, 971",,
pisce,"60, 459",,
pne,"1097, 1127",,
"Powell, Johnathan Alexander","124, ",,
priestofmemory,"1098, ",,
Princhessa s pozovoi grivoi4,1243,,
"Puddu, Marco","102, 241, 244, 291, 338, 655, 690, 691, 718, 757, 832, 837,886, 888",,
"Raaberg, Josefine Dagmar","374, 379, 382",,
"Rais, Irfan","195,",,
ren_sora,"1117, 1120",,
Resmer,"214, 222",,
Rhine-Davis,"302, 303, 308, 326, 331, 380, 412, 415, 638, 726",,
"Richardson, Matthew","36, 47, 182, 677 ",,
"Rimmel, Philipe","137, ",,
Robins,1300,,
rodericus,1105,,
"Rodriguez-Russo, Carlos","296no 369, ",,
"Rtiht, Vinski",707,,
Rudin,"231, 235, 236,  256,  ",,
"Saechiew, Pakkaphon","1251, ",,
"Sailer, Manfred",231,,
salikh,"1105,1229, ",,
same,"450,474, 477, ",,
sami,174,,
"Sasser, Johnathan","245, 247, 293 ",Sonatan,
Satirani,406,,
"Sauer, Jonas","1036, ",,
"Schmidt, Samuel","708, 790, 940",,
"Schneider, Stephan","13, 1028, ",,
"Sehic, Delfi","994, ",,
shanoxilt,"1259, ",,
shina,"1177, 1215",,
"Sienna, Yonah","18, 48, 71, 81, 136, 157, 174, 213, 236, 284, 308, 326, 361, 374, 383, 450, 555, 565, 609, 623, 629, 660, 668, 742, 744, 767, 802, 824, 886, 887, 893, 918, 920, 923, 927, 929, 940, 954, 956, 957, 961, 962, 963, 1297, 1298    ",,
"Sigmon, Emily,","673, 686, ",,
"Silversides, Harry", ,,
Sinsema,971,,
sitepan,"446, ",,
Soan,151,,
"Sokolowski, Kacper","36, 280",,
"Soley, Aaron",44,,
Sota,"296, 448",,
soweliPeka,445,,
spacenut42,"528, 1071, 1079,1081 ",,
"Steenblick, Rick","24 32, 34, 47,56, 74, 129, 194, 200, 224, 231, 236, 250, 275,  280, 292, 290, 293, 295, 296, 352, 356, 374, 469. 470. 585, 586, 642,  643, 666, 689, 690, 691, 758, 837, 842, 843, 844, 846, 1180, 1207",,
Steinke,"422, ",,
"Stutz, Chris","182, 545, 705, 933, 939, 944, 953, 954 ",,
Suiluj,"1183, ",,
"Swift, Paul Earl","182, 511, 1056",,
"Szejko, Jan","1062, ",,
tana,"442, ",,
tarandir,"1243, ",,
"Taylor, Geoffrey","303, 470, 652, 718, ",,
terpomo11,110,,
thechuff,"1025, 1065, 1081","Huff, Chris",
"Thomas, Stuart","163, 834",,
tiera,"472, ",,
"Tihonov, Sergei","19, 64, 112, 123, 140, 316, 338, 523, 554, 559,  562, 579, 737, 834, 870, 871, 883, 885, 887, 890, 906, 924, 947, 948, 959, 963, 991, 1027, 1162, 1199, 1288",,
"Tikhonov, Alexei","10. 86, 109, 140, 177, 178, 182,676, 706, 940, 950, 954, 957, 964",,
tonjo,450,,
"Torres de la Cruz, Jose Johnatan",784,,
toto,"101, 1097, 1104, 1113, 1114, 1129, 1130, 1135,1144, 1147, 1148",,
tropical_axemabaro,"487, ",,
"Trzemecki, Gleb","784, 870, 883, 885, 925, 928, 1044, 1047",,
tubelka,"1158, 1218",,
uranium_cranium,"1220, 1221, ",,
utbachen,156,,
"van Hauw, Lynn","55, 105, ",,
"Vieira, Tiago","686, ",,
"Voight, Helmut",146,,
"von Regenschirm, d",507,,
vorobey,"490, 1119, 1158, 1162",,
"Vrizcraya, Leo","101, 114, 495, 750, 796, 1039, 1103, 1111, 1117, 1124, 1127, 1129, 1135, 1138, 1143, 1146, 1149, 1191, 1251",,
Waldron,"545, 552, 743, 929, 1251",,
WanLome,"448, ",,
"Ward-Lee, Ruth",69,,
waso_pimeja,450,,
"Watson, Noel, Earl","552, ",,
"Wegesin, Maxine","109, 542, 574, 718, ",,
Wesman,"320, 356, 372, 487, ",Wesuman,
WFSDiscord,"485,",,
wiko,"1173, 1174",,
"William, Henry","29, 35, 55, 450, 605, 691, 796 , ",,
"Wilson, Sam","971, ",,
"Woodman, John","272, ",,
Xie Yifan,"683, 869, 871, 873 ",???,
xlute,486,,
Yan gar,"487, ",?? ??,
"Yimchaloi, Urk",813,,
Yohs,"1171, ",,
Zadworny,"1011, ",,
"Zonzeani, Paco","260, 327,331,599",,
"Zouzalik, Vaclaw","231, 271, 553, 742, ",,
"Rodriguez, Maria","524, ",,
doug b,"524, ",,
HWF,"524, ",,
Loliko,"797, ",,
linguistrose,"65, ",,
namako,"518, ",,
soweli,"155, ",,
amrok,"1182, ",,
"Stafford-Baker-Thomas, Fiona","1048, ",,
"Clarke, Owain","597, ",,
"Stevenson, Jon","1060, ",,
San Nicolas,"209, ",,
"Sims, Zane","851, ",,
"Parker, Deano","279, ",,
"Smith, Ava","279, ",,
"Kahn, Mark","105, ",,
"Silvestre, Justin","712, ",,
Akerkade,"511, ",,
"Chernysheva, Vlada","744, ",,
akuna,"454, ",,
o_jovem_luoco,"1143, ",,
"Ju, Jaesung","1039, ",,
"Ziolkowski, Blake","698, ",,
"Pelepenosas, N J ","94, ",,
"Dunnewind, Martine","369, ",,
"Blazek, Adam","638, ",,
"Smith, Cody","15, ",,
"Howlett, Chris","26, ",,
"Hessjan, Zachary","107, ",,
"Sims, Zane","690, ",,
"Baldwin, Joshua",998,,
"Budek, Fleur","379, ",,
japonamute,"529, ",,
Kuyi,"484, ",,
"Vasilyev, Fyodor","523, ",,
"Jetkubo, Tomaso","523, ",,
"Ferreira, Gustavo Faria","523, ",,
zylviij,"482, ",,
"Phoenix, Jack",279,,
M?to Ptašk,971,,
